"Status","Start Time","Stop Time","Duration in ms","Parent Suite","Suite","Sub Suite","Test Class","Test Method","Name","Description"
"passed","Fri May 22 04:06:52 UTC 2026","Fri May 22 04:06:52 UTC 2026","240","testcases","test_posts","","","","test_update_post[599-500]",""
"passed","Fri May 22 04:06:51 UTC 2026","Fri May 22 04:06:51 UTC 2026","96","testcases","test_posts","","","","test_create_post[400_2]",""
"passed","Fri May 22 04:06:50 UTC 2026","Fri May 22 04:06:50 UTC 2026","102","testcases","test_exceptions","","","","test_get_post_invalid_id",""
"passed","Fri May 22 04:06:51 UTC 2026","Fri May 22 04:06:51 UTC 2026","33","testcases","test_posts","","","","test_get_post_list",""
"passed","Fri May 22 04:06:51 UTC 2026","Fri May 22 04:06:51 UTC 2026","96","testcases","test_posts","","","","test_create_post[400_0]",""
"passed","Fri May 22 04:06:51 UTC 2026","Fri May 22 04:06:51 UTC 2026","33","testcases","test_posts","","","","test_get_post_by_id[999-404]",""
"passed","Fri May 22 04:06:50 UTC 2026","Fri May 22 04:06:50 UTC 2026","34","testcases","test_posts","","","","test_get_post[3-200]",""
"passed","Fri May 22 04:06:51 UTC 2026","Fri May 22 04:06:51 UTC 2026","35","testcases","test_posts","","","","test_get_post[-1-404]",""
"passed","Fri May 22 04:06:51 UTC 2026","Fri May 22 04:06:51 UTC 2026","42","testcases","test_posts","","","","test_get_post[abc-[400, 404]]",""
"passed","Fri May 22 04:06:51 UTC 2026","Fri May 22 04:06:51 UTC 2026","36","testcases","test_posts","","","","test_get_post_by_id[100-200]",""
"passed","Fri May 22 04:06:50 UTC 2026","Fri May 22 04:06:50 UTC 2026","36","testcases","test_posts","","","","test_get_post[999-404]",""
"passed","Fri May 22 04:06:52 UTC 2026","Fri May 22 04:06:52 UTC 2026","98","testcases","test_posts","","","","test_delete_post",""
"passed","Fri May 22 04:06:51 UTC 2026","Fri May 22 04:06:52 UTC 2026","230","testcases","test_posts","","","","test_update_post[1-200]",""
"passed","Fri May 22 04:06:51 UTC 2026","Fri May 22 04:06:51 UTC 2026","98","testcases","test_posts","","","","test_create_post[201]",""
"passed","Fri May 22 04:06:50 UTC 2026","Fri May 22 04:06:50 UTC 2026","228","testcases","test_exceptions","","","","test_create_post_empty_title",""
"passed","Fri May 22 04:06:50 UTC 2026","Fri May 22 04:06:50 UTC 2026","229","testcases","test_exceptions","","","","test_create_post_missing_field",""
"passed","Fri May 22 04:06:50 UTC 2026","Fri May 22 04:06:50 UTC 2026","36","testcases","test_posts","","","","test_get_post[2-200]",""
"passed","Fri May 22 04:06:50 UTC 2026","Fri May 22 04:06:50 UTC 2026","37","testcases","test_posts","","","","test_get_post[1-200]",""
"passed","Fri May 22 04:06:51 UTC 2026","Fri May 22 04:06:51 UTC 2026","33","testcases","test_posts","","","","test_get_post_by_id[1-200]",""
"passed","Fri May 22 04:06:50 UTC 2026","Fri May 22 04:06:51 UTC 2026","35","testcases","test_posts","","","","test_get_post[0-404]",""
"passed","Fri May 22 04:06:51 UTC 2026","Fri May 22 04:06:51 UTC 2026","233","testcases","test_posts","","","","test_create_post[400_1]",""
